class,image_filename
n02106662,n02106662_16149.JPEG
n02106662,n02106662_24186.JPEG
n02106662,n02106662_77543.JPEG
n02106662,n02106662_49005.JPEG
n02106662,n02106662_83994.JPEG
n02106662,n02106662_16111.JPEG
n02106662,n02106662_26120.JPEG
n02106662,n02106662_79868.JPEG
n02106662,n02106662_26147.JPEG
n02106662,n02106662_2328.JPEG
n02106662,n02106662_22463.JPEG
n02106662,n02106662_2163.JPEG
n02106662,n02106662_14005.JPEG
n02106662,n02106662_2337.JPEG
n02106662,n02106662_16347.JPEG
n02106662,n02106662_62679.JPEG
n02106662,n02106662_1278.JPEG
n02106662,n02106662_19720.JPEG
n02106662,n02106662_25138.JPEG
n02106662,n02106662_1451.JPEG
n02106662,n02106662_41564.JPEG
n02106662,n02106662_21809.JPEG
n02106662,n02106662_83711.JPEG
n02106662,n02106662_55943.JPEG
n02106662,n02106662_1152.JPEG
n02106662,n02106662_9504.JPEG
n02106662,n02106662_1560.JPEG
n02106662,n02106662_6706.JPEG
n02106662,n02106662_2666.JPEG
n02106662,n02106662_24480.JPEG
n02106662,n02106662_10232.JPEG
n02106662,n02106662_62262.JPEG
n02106662,n02106662_22676.JPEG
n02106662,n02106662_2034.JPEG
n02106662,n02106662_29819.JPEG
n02106662,n02106662_38611.JPEG
n02106662,n02106662_13380.JPEG
n02106662,n02106662_2736.JPEG
n02106662,n02106662_7885.JPEG
n02106662,n02106662_16778.JPEG
n02106662,n02106662_83638.JPEG
n02106662,n02106662_3549.JPEG
n02106662,n02106662_12188.JPEG
n02106662,n02106662_26346.JPEG
n02106662,n02106662_53651.JPEG
n02106662,n02106662_2248.JPEG
n02106662,n02106662_34979.JPEG
n02106662,n02106662_10432.JPEG
n02106662,n02106662_42456.JPEG
n02106662,n02106662_18900.JPEG
n02124075,n02124075_15030.JPEG
n02124075,n02124075_8754.JPEG
n02124075,n02124075_5104.JPEG
n02124075,n02124075_12460.JPEG
n02124075,n02124075_4027.JPEG
n02124075,n02124075_12299.JPEG
n02124075,n02124075_1089.JPEG
n02124075,n02124075_15409.JPEG
n02124075,n02124075_1882.JPEG
n02124075,n02124075_10692.JPEG
n02124075,n02124075_12316.JPEG
n02124075,n02124075_11383.JPEG
n02124075,n02124075_1144.JPEG
n02124075,n02124075_12218.JPEG
n02124075,n02124075_11746.JPEG
n02124075,n02124075_1155.JPEG
n02124075,n02124075_13369.JPEG
n02124075,n02124075_6306.JPEG
n02124075,n02124075_57.JPEG
n02124075,n02124075_5231.JPEG
n02124075,n02124075_544.JPEG
n02124075,n02124075_11103.JPEG
n02124075,n02124075_12647.JPEG
n02124075,n02124075_9206.JPEG
n02124075,n02124075_8164.JPEG
n02124075,n02124075_10164.JPEG
n02124075,n02124075_10525.JPEG
n02124075,n02124075_2231.JPEG
n02124075,n02124075_7359.JPEG
n02124075,n02124075_475.JPEG
n02124075,n02124075_358.JPEG
n02124075,n02124075_16814.JPEG
n02124075,n02124075_7825.JPEG
n02124075,n02124075_4538.JPEG
n02124075,n02124075_14638.JPEG
n02124075,n02124075_13678.JPEG
n02124075,n02124075_14692.JPEG
n02124075,n02124075_12955.JPEG
n02124075,n02124075_14165.JPEG
n02124075,n02124075_15230.JPEG
n02124075,n02124075_12430.JPEG
n02124075,n02124075_9271.JPEG
n02124075,n02124075_14886.JPEG
n02124075,n02124075_6148.JPEG
n02124075,n02124075_7392.JPEG
n02124075,n02124075_20891.JPEG
n02124075,n02124075_6197.JPEG
n02124075,n02124075_6261.JPEG
n02124075,n02124075_15260.JPEG
n02124075,n02124075_9738.JPEG
n02281787,n02281787_3843.JPEG
n02281787,n02281787_5770.JPEG
n02281787,n02281787_3301.JPEG
n02281787,n02281787_2885.JPEG
n02281787,n02281787_2971.JPEG
n02281787,n02281787_4373.JPEG
n02281787,n02281787_2420.JPEG
n02281787,n02281787_1616.JPEG
n02281787,n02281787_4054.JPEG
n02281787,n02281787_5793.JPEG
n02281787,n02281787_3742.JPEG
n02281787,n02281787_2759.JPEG
n02281787,n02281787_4351.JPEG
n02281787,n02281787_3391.JPEG
n02281787,n02281787_2506.JPEG
n02281787,n02281787_3492.JPEG
n02281787,n02281787_3208.JPEG
n02281787,n02281787_413.JPEG
n02281787,n02281787_4099.JPEG
n02281787,n02281787_2105.JPEG
n02281787,n02281787_4573.JPEG
n02281787,n02281787_2222.JPEG
n02281787,n02281787_3195.JPEG
n02281787,n02281787_5552.JPEG
n02281787,n02281787_2451.JPEG
n02281787,n02281787_5003.JPEG
n02281787,n02281787_2216.JPEG
n02281787,n02281787_3239.JPEG
n02281787,n02281787_1179.JPEG
n02281787,n02281787_4378.JPEG
n02281787,n02281787_2279.JPEG
n02281787,n02281787_3095.JPEG
n02281787,n02281787_2401.JPEG
n02281787,n02281787_4242.JPEG
n02281787,n02281787_780.JPEG
n02281787,n02281787_4566.JPEG
n02281787,n02281787_2960.JPEG
n02281787,n02281787_2673.JPEG
n02281787,n02281787_3465.JPEG
n02281787,n02281787_4016.JPEG
n02281787,n02281787_4713.JPEG
n02281787,n02281787_1529.JPEG
n02281787,n02281787_4347.JPEG
n02281787,n02281787_1927.JPEG
n02281787,n02281787_2446.JPEG
n02281787,n02281787_2424.JPEG
n02281787,n02281787_3049.JPEG
n02281787,n02281787_2248.JPEG
n02281787,n02281787_2571.JPEG
n02281787,n02281787_4182.JPEG
n02389026,n02389026_2013.JPEG
n02389026,n02389026_1942.JPEG
n02389026,n02389026_24702.JPEG
n02389026,n02389026_16434.JPEG
n02389026,n02389026_22821.JPEG
n02389026,n02389026_3083.JPEG
n02389026,n02389026_1428.JPEG
n02389026,n02389026_15987.JPEG
n02389026,n02389026_5151.JPEG
n02389026,n02389026_9196.JPEG
n02389026,n02389026_8754.JPEG
n02389026,n02389026_6377.JPEG
n02389026,n02389026_12636.JPEG
n02389026,n02389026_2841.JPEG
n02389026,n02389026_6405.JPEG
n02389026,n02389026_1967.JPEG
n02389026,n02389026_26281.JPEG
n02389026,n02389026_6409.JPEG
n02389026,n02389026_7267.JPEG
n02389026,n02389026_5498.JPEG
n02389026,n02389026_636.JPEG
n02389026,n02389026_292.JPEG
n02389026,n02389026_5978.JPEG
n02389026,n02389026_5793.JPEG
n02389026,n02389026_9764.JPEG
n02389026,n02389026_3660.JPEG
n02389026,n02389026_10241.JPEG
n02389026,n02389026_2002.JPEG
n02389026,n02389026_1079.JPEG
n02389026,n02389026_19580.JPEG
n02389026,n02389026_3997.JPEG
n02389026,n02389026_5736.JPEG
n02389026,n02389026_812.JPEG
n02389026,n02389026_2094.JPEG
n02389026,n02389026_772.JPEG
n02389026,n02389026_724.JPEG
n02389026,n02389026_5612.JPEG
n02389026,n02389026_2743.JPEG
n02389026,n02389026_6224.JPEG
n02389026,n02389026_3269.JPEG
n02389026,n02389026_1607.JPEG
n02389026,n02389026_21754.JPEG
n02389026,n02389026_11339.JPEG
n02389026,n02389026_27266.JPEG
n02389026,n02389026_4674.JPEG
n02389026,n02389026_3086.JPEG
n02389026,n02389026_1711.JPEG
n02389026,n02389026_3434.JPEG
n02389026,n02389026_9275.JPEG
n02389026,n02389026_3893.JPEG
n02492035,n02492035_6391.JPEG
n02492035,n02492035_1742.JPEG
n02492035,n02492035_4550.JPEG
n02492035,n02492035_23459.JPEG
n02492035,n02492035_16869.JPEG
n02492035,n02492035_1970.JPEG
n02492035,n02492035_1077.JPEG
n02492035,n02492035_3912.JPEG
n02492035,n02492035_41.JPEG
n02492035,n02492035_16224.JPEG
n02492035,n02492035_16430.JPEG
n02492035,n02492035_5475.JPEG
n02492035,n02492035_3407.JPEG
n02492035,n02492035_7001.JPEG
n02492035,n02492035_15733.JPEG
n02492035,n02492035_931.JPEG
n02492035,n02492035_3883.JPEG
n02492035,n02492035_14935.JPEG
n02492035,n02492035_5314.JPEG
n02492035,n02492035_17265.JPEG
n02492035,n02492035_4302.JPEG
n02492035,n02492035_4135.JPEG
n02492035,n02492035_3113.JPEG
n02492035,n02492035_5457.JPEG
n02492035,n02492035_952.JPEG
n02492035,n02492035_1105.JPEG
n02492035,n02492035_16220.JPEG
n02492035,n02492035_5782.JPEG
n02492035,n02492035_5642.JPEG
n02492035,n02492035_4268.JPEG
n02492035,n02492035_7701.JPEG
n02492035,n02492035_12239.JPEG
n02492035,n02492035_24294.JPEG
n02492035,n02492035_2148.JPEG
n02492035,n02492035_8444.JPEG
n02492035,n02492035_1200.JPEG
n02492035,n02492035_1990.JPEG
n02492035,n02492035_12651.JPEG
n02492035,n02492035_202.JPEG
n02492035,n02492035_6722.JPEG
n02492035,n02492035_16608.JPEG
n02492035,n02492035_492.JPEG
n02492035,n02492035_597.JPEG
n02492035,n02492035_2806.JPEG
n02492035,n02492035_15815.JPEG
n02492035,n02492035_17580.JPEG
n02492035,n02492035_4749.JPEG
n02492035,n02492035_1238.JPEG
n02492035,n02492035_4451.JPEG
n02492035,n02492035_5484.JPEG
n02504458,n02504458_1644.JPEG
n02504458,n02504458_2716.JPEG
n02504458,n02504458_11860.JPEG
n02504458,n02504458_2561.JPEG
n02504458,n02504458_193.JPEG
n02504458,n02504458_9423.JPEG
n02504458,n02504458_10554.JPEG
n02504458,n02504458_2251.JPEG
n02504458,n02504458_522.JPEG
n02504458,n02504458_772.JPEG
n02504458,n02504458_6155.JPEG
n02504458,n02504458_5190.JPEG
n02504458,n02504458_341.JPEG
n02504458,n02504458_6880.JPEG
n02504458,n02504458_1903.JPEG
n02504458,n02504458_7084.JPEG
n02504458,n02504458_6059.JPEG
n02504458,n02504458_296.JPEG
n02504458,n02504458_3776.JPEG
n02504458,n02504458_4981.JPEG
n02504458,n02504458_4080.JPEG
n02504458,n02504458_5897.JPEG
n02504458,n02504458_10336.JPEG
n02504458,n02504458_5055.JPEG
n02504458,n02504458_5816.JPEG
n02504458,n02504458_7221.JPEG
n02504458,n02504458_4962.JPEG
n02504458,n02504458_5888.JPEG
n02504458,n02504458_6428.JPEG
n02504458,n02504458_3390.JPEG
n02504458,n02504458_3599.JPEG
n02504458,n02504458_11511.JPEG
n02504458,n02504458_2900.JPEG
n02504458,n02504458_12191.JPEG
n02504458,n02504458_2264.JPEG
n02504458,n02504458_12018.JPEG
n02504458,n02504458_3463.JPEG
n02504458,n02504458_481.JPEG
n02504458,n02504458_5872.JPEG
n02504458,n02504458_4234.JPEG
n02504458,n02504458_5098.JPEG
n02504458,n02504458_2353.JPEG
n02504458,n02504458_30.JPEG
n02504458,n02504458_9235.JPEG
n02504458,n02504458_4388.JPEG
n02504458,n02504458_480.JPEG
n02504458,n02504458_8126.JPEG
n02504458,n02504458_5322.JPEG
n02504458,n02504458_5474.JPEG
n02504458,n02504458_3816.JPEG
n02510455,n02510455_4074.JPEG
n02510455,n02510455_4184.JPEG
n02510455,n02510455_15145.JPEG
n02510455,n02510455_10292.JPEG
n02510455,n02510455_3210.JPEG
n02510455,n02510455_177.JPEG
n02510455,n02510455_7153.JPEG
n02510455,n02510455_461.JPEG
n02510455,n02510455_2901.JPEG
n02510455,n02510455_15313.JPEG
n02510455,n02510455_95099.JPEG
n02510455,n02510455_7089.JPEG
n02510455,n02510455_207.JPEG
n02510455,n02510455_5805.JPEG
n02510455,n02510455_6311.JPEG
n02510455,n02510455_7832.JPEG
n02510455,n02510455_4705.JPEG
n02510455,n02510455_88611.JPEG
n02510455,n02510455_5262.JPEG
n02510455,n02510455_2122.JPEG
n02510455,n02510455_15178.JPEG
n02510455,n02510455_12977.JPEG
n02510455,n02510455_5100.JPEG
n02510455,n02510455_5449.JPEG
n02510455,n02510455_2272.JPEG
n02510455,n02510455_50.JPEG
n02510455,n02510455_4563.JPEG
n02510455,n02510455_3666.JPEG
n02510455,n02510455_880.JPEG
n02510455,n02510455_7030.JPEG
n02510455,n02510455_8127.JPEG
n02510455,n02510455_4381.JPEG
n02510455,n02510455_2236.JPEG
n02510455,n02510455_8270.JPEG
n02510455,n02510455_4616.JPEG
n02510455,n02510455_6901.JPEG
n02510455,n02510455_9177.JPEG
n02510455,n02510455_8733.JPEG
n02510455,n02510455_4124.JPEG
n02510455,n02510455_13285.JPEG
n02510455,n02510455_86961.JPEG
n02510455,n02510455_1340.JPEG
n02510455,n02510455_13100.JPEG
n02510455,n02510455_53353.JPEG
n02510455,n02510455_376.JPEG
n02510455,n02510455_3235.JPEG
n02510455,n02510455_7681.JPEG
n02510455,n02510455_33944.JPEG
n02510455,n02510455_7838.JPEG
n02510455,n02510455_96034.JPEG
n02607072,n02607072_1538.JPEG
n02607072,n02607072_4636.JPEG
n02607072,n02607072_6223.JPEG
n02607072,n02607072_4672.JPEG
n02607072,n02607072_3700.JPEG
n02607072,n02607072_2158.JPEG
n02607072,n02607072_3467.JPEG
n02607072,n02607072_505.JPEG
n02607072,n02607072_3895.JPEG
n02607072,n02607072_4295.JPEG
n02607072,n02607072_2525.JPEG
n02607072,n02607072_1617.JPEG
n02607072,n02607072_674.JPEG
n02607072,n02607072_4766.JPEG
n02607072,n02607072_304.JPEG
n02607072,n02607072_7951.JPEG
n02607072,n02607072_5803.JPEG
n02607072,n02607072_10385.JPEG
n02607072,n02607072_6241.JPEG
n02607072,n02607072_2175.JPEG
n02607072,n02607072_5749.JPEG
n02607072,n02607072_5362.JPEG
n02607072,n02607072_2553.JPEG
n02607072,n02607072_2164.JPEG
n02607072,n02607072_3642.JPEG
n02607072,n02607072_8125.JPEG
n02607072,n02607072_8208.JPEG
n02607072,n02607072_3433.JPEG
n02607072,n02607072_321.JPEG
n02607072,n02607072_1530.JPEG
n02607072,n02607072_8302.JPEG
n02607072,n02607072_4820.JPEG
n02607072,n02607072_1607.JPEG
n02607072,n02607072_958.JPEG
n02607072,n02607072_2324.JPEG
n02607072,n02607072_3302.JPEG
n02607072,n02607072_9462.JPEG
n02607072,n02607072_650.JPEG
n02607072,n02607072_2678.JPEG
n02607072,n02607072_5873.JPEG
n02607072,n02607072_8871.JPEG
n02607072,n02607072_440.JPEG
n02607072,n02607072_2654.JPEG
n02607072,n02607072_4194.JPEG
n02607072,n02607072_4278.JPEG
n02607072,n02607072_3202.JPEG
n02607072,n02607072_3650.JPEG
n02607072,n02607072_4703.JPEG
n02607072,n02607072_6141.JPEG
n02607072,n02607072_5889.JPEG
n02690373,n02690373_748.JPEG
n02690373,n02690373_5870.JPEG
n02690373,n02690373_5866.JPEG
n02690373,n02690373_10382.JPEG
n02690373,n02690373_3473.JPEG
n02690373,n02690373_9676.JPEG
n02690373,n02690373_9335.JPEG
n02690373,n02690373_3492.JPEG
n02690373,n02690373_2042.JPEG
n02690373,n02690373_6804.JPEG
n02690373,n02690373_5714.JPEG
n02690373,n02690373_6314.JPEG
n02690373,n02690373_4982.JPEG
n02690373,n02690373_4358.JPEG
n02690373,n02690373_1691.JPEG
n02690373,n02690373_139.JPEG
n02690373,n02690373_13283.JPEG
n02690373,n02690373_3920.JPEG
n02690373,n02690373_4814.JPEG
n02690373,n02690373_2598.JPEG
n02690373,n02690373_4671.JPEG
n02690373,n02690373_398.JPEG
n02690373,n02690373_7615.JPEG
n02690373,n02690373_2109.JPEG
n02690373,n02690373_4641.JPEG
n02690373,n02690373_8547.JPEG
n02690373,n02690373_13610.JPEG
n02690373,n02690373_19407.JPEG
n02690373,n02690373_8538.JPEG
n02690373,n02690373_1055.JPEG
n02690373,n02690373_3289.JPEG
n02690373,n02690373_2569.JPEG
n02690373,n02690373_20331.JPEG
n02690373,n02690373_20090.JPEG
n02690373,n02690373_8883.JPEG
n02690373,n02690373_3775.JPEG
n02690373,n02690373_7685.JPEG
n02690373,n02690373_5930.JPEG
n02690373,n02690373_2758.JPEG
n02690373,n02690373_16250.JPEG
n02690373,n02690373_6739.JPEG
n02690373,n02690373_3537.JPEG
n02690373,n02690373_19107.JPEG
n02690373,n02690373_1670.JPEG
n02690373,n02690373_4113.JPEG
n02690373,n02690373_4128.JPEG
n02690373,n02690373_13327.JPEG
n02690373,n02690373_7499.JPEG
n02690373,n02690373_736.JPEG
n02690373,n02690373_6999.JPEG
n02906734,n02906734_20263.JPEG
n02906734,n02906734_8177.JPEG
n02906734,n02906734_17920.JPEG
n02906734,n02906734_508.JPEG
n02906734,n02906734_1069.JPEG
n02906734,n02906734_25.JPEG
n02906734,n02906734_28719.JPEG
n02906734,n02906734_14010.JPEG
n02906734,n02906734_1341.JPEG
n02906734,n02906734_20653.JPEG
n02906734,n02906734_1847.JPEG
n02906734,n02906734_15463.JPEG
n02906734,n02906734_23744.JPEG
n02906734,n02906734_22784.JPEG
n02906734,n02906734_23718.JPEG
n02906734,n02906734_4829.JPEG
n02906734,n02906734_13451.JPEG
n02906734,n02906734_21984.JPEG
n02906734,n02906734_12979.JPEG
n02906734,n02906734_39817.JPEG
n02906734,n02906734_15924.JPEG
n02906734,n02906734_22673.JPEG
n02906734,n02906734_1118.JPEG
n02906734,n02906734_27945.JPEG
n02906734,n02906734_20509.JPEG
n02906734,n02906734_28772.JPEG
n02906734,n02906734_31239.JPEG
n02906734,n02906734_6542.JPEG
n02906734,n02906734_5573.JPEG
n02906734,n02906734_3648.JPEG
n02906734,n02906734_21440.JPEG
n02906734,n02906734_3707.JPEG
n02906734,n02906734_16624.JPEG
n02906734,n02906734_5466.JPEG
n02906734,n02906734_6563.JPEG
n02906734,n02906734_13063.JPEG
n02906734,n02906734_7397.JPEG
n02906734,n02906734_9317.JPEG
n02906734,n02906734_16831.JPEG
n02906734,n02906734_17089.JPEG
n02906734,n02906734_5178.JPEG
n02906734,n02906734_16797.JPEG
n02906734,n02906734_21829.JPEG
n02906734,n02906734_20584.JPEG
n02906734,n02906734_23421.JPEG
n02906734,n02906734_29051.JPEG
n02906734,n02906734_14106.JPEG
n02906734,n02906734_14098.JPEG
n02906734,n02906734_17960.JPEG
n02951358,n02951358_3594.JPEG
n02951358,n02951358_31478.JPEG
n02951358,n02951358_12548.JPEG
n02951358,n02951358_3898.JPEG
n02951358,n02951358_33042.JPEG
n02951358,n02951358_30776.JPEG
n02951358,n02951358_12432.JPEG
n02951358,n02951358_2037.JPEG
n02951358,n02951358_33286.JPEG
n02951358,n02951358_9763.JPEG
n02951358,n02951358_9376.JPEG
n02951358,n02951358_33007.JPEG
n02951358,n02951358_34070.JPEG
n02951358,n02951358_4531.JPEG
n02951358,n02951358_10498.JPEG
n02951358,n02951358_31796.JPEG
n02951358,n02951358_12023.JPEG
n02951358,n02951358_7348.JPEG
n02951358,n02951358_3171.JPEG
n02951358,n02951358_30108.JPEG
n02951358,n02951358_13835.JPEG
n02951358,n02951358_31055.JPEG
n02951358,n02951358_35847.JPEG
n02951358,n02951358_4508.JPEG
n02951358,n02951358_13507.JPEG
n02951358,n02951358_3461.JPEG
n02951358,n02951358_11607.JPEG
n02951358,n02951358_29817.JPEG
n02951358,n02951358_33850.JPEG
n02951358,n02951358_3041.JPEG
n02951358,n02951358_6617.JPEG
n02951358,n02951358_2999.JPEG
n02951358,n02951358_5396.JPEG
n02951358,n02951358_12117.JPEG
n02951358,n02951358_6087.JPEG
n02951358,n02951358_29750.JPEG
n02951358,n02951358_31133.JPEG
n02951358,n02951358_31190.JPEG
n02951358,n02951358_34314.JPEG
n02951358,n02951358_31517.JPEG
n02951358,n02951358_26150.JPEG
n02951358,n02951358_4562.JPEG
n02951358,n02951358_2350.JPEG
n02951358,n02951358_3499.JPEG
n02951358,n02951358_12288.JPEG
n02951358,n02951358_20407.JPEG
n02951358,n02951358_4819.JPEG
n02951358,n02951358_3515.JPEG
n02951358,n02951358_34807.JPEG
n02951358,n02951358_15676.JPEG
n02992529,n02992529_14442.JPEG
n02992529,n02992529_12523.JPEG
n02992529,n02992529_44809.JPEG
n02992529,n02992529_39085.JPEG
n02992529,n02992529_46810.JPEG
n02992529,n02992529_1732.JPEG
n02992529,n02992529_36464.JPEG
n02992529,n02992529_41277.JPEG
n02992529,n02992529_52043.JPEG
n02992529,n02992529_53064.JPEG
n02992529,n02992529_30316.JPEG
n02992529,n02992529_34922.JPEG
n02992529,n02992529_47852.JPEG
n02992529,n02992529_35289.JPEG
n02992529,n02992529_36230.JPEG
n02992529,n02992529_3905.JPEG
n02992529,n02992529_1655.JPEG
n02992529,n02992529_5745.JPEG
n02992529,n02992529_3673.JPEG
n02992529,n02992529_46.JPEG
n02992529,n02992529_33824.JPEG
n02992529,n02992529_4366.JPEG
n02992529,n02992529_51590.JPEG
n02992529,n02992529_1413.JPEG
n02992529,n02992529_35743.JPEG
n02992529,n02992529_36205.JPEG
n02992529,n02992529_26983.JPEG
n02992529,n02992529_48895.JPEG
n02992529,n02992529_13031.JPEG
n02992529,n02992529_5140.JPEG
n02992529,n02992529_55194.JPEG
n02992529,n02992529_3140.JPEG
n02992529,n02992529_13348.JPEG
n02992529,n02992529_9565.JPEG
n02992529,n02992529_25836.JPEG
n02992529,n02992529_10642.JPEG
n02992529,n02992529_35446.JPEG
n02992529,n02992529_30946.JPEG
n02992529,n02992529_47945.JPEG
n02992529,n02992529_13746.JPEG
n02992529,n02992529_40085.JPEG
n02992529,n02992529_59711.JPEG
n02992529,n02992529_9195.JPEG
n02992529,n02992529_20831.JPEG
n02992529,n02992529_6234.JPEG
n02992529,n02992529_24142.JPEG
n02992529,n02992529_42018.JPEG
n02992529,n02992529_42996.JPEG
n02992529,n02992529_24263.JPEG
n02992529,n02992529_32075.JPEG
n03063599,n03063599_3606.JPEG
n03063599,n03063599_3407.JPEG
n03063599,n03063599_1320.JPEG
n03063599,n03063599_4126.JPEG
n03063599,n03063599_2427.JPEG
n03063599,n03063599_5607.JPEG
n03063599,n03063599_4402.JPEG
n03063599,n03063599_2076.JPEG
n03063599,n03063599_2.JPEG
n03063599,n03063599_4405.JPEG
n03063599,n03063599_4386.JPEG
n03063599,n03063599_2078.JPEG
n03063599,n03063599_4086.JPEG
n03063599,n03063599_4596.JPEG
n03063599,n03063599_5477.JPEG
n03063599,n03063599_4391.JPEG
n03063599,n03063599_3144.JPEG
n03063599,n03063599_4267.JPEG
n03063599,n03063599_3194.JPEG
n03063599,n03063599_2827.JPEG
n03063599,n03063599_550.JPEG
n03063599,n03063599_436.JPEG
n03063599,n03063599_1096.JPEG
n03063599,n03063599_1069.JPEG
n03063599,n03063599_4756.JPEG
n03063599,n03063599_1973.JPEG
n03063599,n03063599_3757.JPEG
n03063599,n03063599_858.JPEG
n03063599,n03063599_5693.JPEG
n03063599,n03063599_691.JPEG
n03063599,n03063599_3797.JPEG
n03063599,n03063599_4204.JPEG
n03063599,n03063599_3976.JPEG
n03063599,n03063599_3899.JPEG
n03063599,n03063599_4443.JPEG
n03063599,n03063599_2735.JPEG
n03063599,n03063599_256.JPEG
n03063599,n03063599_732.JPEG
n03063599,n03063599_5019.JPEG
n03063599,n03063599_5287.JPEG
n03063599,n03063599_4665.JPEG
n03063599,n03063599_3714.JPEG
n03063599,n03063599_552.JPEG
n03063599,n03063599_3677.JPEG
n03063599,n03063599_2052.JPEG
n03063599,n03063599_4172.JPEG
n03063599,n03063599_748.JPEG
n03063599,n03063599_3890.JPEG
n03063599,n03063599_5566.JPEG
n03063599,n03063599_3808.JPEG
n03100240,n03100240_15292.JPEG
n03100240,n03100240_8402.JPEG
n03100240,n03100240_855.JPEG
n03100240,n03100240_9408.JPEG
n03100240,n03100240_8599.JPEG
n03100240,n03100240_416.JPEG
n03100240,n03100240_6278.JPEG
n03100240,n03100240_1391.JPEG
n03100240,n03100240_20935.JPEG
n03100240,n03100240_6035.JPEG
n03100240,n03100240_23306.JPEG
n03100240,n03100240_18954.JPEG
n03100240,n03100240_9354.JPEG
n03100240,n03100240_234.JPEG
n03100240,n03100240_5269.JPEG
n03100240,n03100240_10410.JPEG
n03100240,n03100240_7198.JPEG
n03100240,n03100240_5527.JPEG
n03100240,n03100240_13635.JPEG
n03100240,n03100240_2619.JPEG
n03100240,n03100240_5383.JPEG
n03100240,n03100240_11417.JPEG
n03100240,n03100240_16653.JPEG
n03100240,n03100240_2138.JPEG
n03100240,n03100240_14896.JPEG
n03100240,n03100240_17523.JPEG
n03100240,n03100240_20114.JPEG
n03100240,n03100240_9083.JPEG
n03100240,n03100240_5884.JPEG
n03100240,n03100240_1385.JPEG
n03100240,n03100240_3310.JPEG
n03100240,n03100240_8794.JPEG
n03100240,n03100240_3889.JPEG
n03100240,n03100240_9454.JPEG
n03100240,n03100240_788.JPEG
n03100240,n03100240_5395.JPEG
n03100240,n03100240_13929.JPEG
n03100240,n03100240_16740.JPEG
n03100240,n03100240_5291.JPEG
n03100240,n03100240_15894.JPEG
n03100240,n03100240_15686.JPEG
n03100240,n03100240_961.JPEG
n03100240,n03100240_18492.JPEG
n03100240,n03100240_13498.JPEG
n03100240,n03100240_3543.JPEG
n03100240,n03100240_10208.JPEG
n03100240,n03100240_4537.JPEG
n03100240,n03100240_8483.JPEG
n03100240,n03100240_1696.JPEG
n03100240,n03100240_5169.JPEG
n03180011,n03180011_7261.JPEG
n03180011,n03180011_10086.JPEG
n03180011,n03180011_1169.JPEG
n03180011,n03180011_9698.JPEG
n03180011,n03180011_3195.JPEG
n03180011,n03180011_5929.JPEG
n03180011,n03180011_12507.JPEG
n03180011,n03180011_214.JPEG
n03180011,n03180011_8284.JPEG
n03180011,n03180011_11059.JPEG
n03180011,n03180011_10140.JPEG
n03180011,n03180011_4664.JPEG
n03180011,n03180011_9815.JPEG
n03180011,n03180011_2282.JPEG
n03180011,n03180011_5834.JPEG
n03180011,n03180011_4310.JPEG
n03180011,n03180011_4255.JPEG
n03180011,n03180011_20934.JPEG
n03180011,n03180011_7359.JPEG
n03180011,n03180011_6194.JPEG
n03180011,n03180011_5279.JPEG
n03180011,n03180011_10645.JPEG
n03180011,n03180011_937.JPEG
n03180011,n03180011_7542.JPEG
n03180011,n03180011_1108.JPEG
n03180011,n03180011_6204.JPEG
n03180011,n03180011_778.JPEG
n03180011,n03180011_9576.JPEG
n03180011,n03180011_9161.JPEG
n03180011,n03180011_1731.JPEG
n03180011,n03180011_6930.JPEG
n03180011,n03180011_1447.JPEG
n03180011,n03180011_1749.JPEG
n03180011,n03180011_10055.JPEG
n03180011,n03180011_3437.JPEG
n03180011,n03180011_3446.JPEG
n03180011,n03180011_3347.JPEG
n03180011,n03180011_794.JPEG
n03180011,n03180011_6300.JPEG
n03180011,n03180011_8709.JPEG
n03180011,n03180011_8428.JPEG
n03180011,n03180011_640.JPEG
n03180011,n03180011_16171.JPEG
n03180011,n03180011_8437.JPEG
n03180011,n03180011_10612.JPEG
n03180011,n03180011_8386.JPEG
n03180011,n03180011_19233.JPEG
n03180011,n03180011_8787.JPEG
n03180011,n03180011_7094.JPEG
n03180011,n03180011_4854.JPEG
n03197337,n03197337_7234.JPEG
n03197337,n03197337_1941.JPEG
n03197337,n03197337_6495.JPEG
n03197337,n03197337_10152.JPEG
n03197337,n03197337_884.JPEG
n03197337,n03197337_1585.JPEG
n03197337,n03197337_10311.JPEG
n03197337,n03197337_2276.JPEG
n03197337,n03197337_4120.JPEG
n03197337,n03197337_2141.JPEG
n03197337,n03197337_14921.JPEG
n03197337,n03197337_526.JPEG
n03197337,n03197337_4275.JPEG
n03197337,n03197337_3955.JPEG
n03197337,n03197337_5747.JPEG
n03197337,n03197337_2028.JPEG
n03197337,n03197337_5937.JPEG
n03197337,n03197337_6214.JPEG
n03197337,n03197337_2113.JPEG
n03197337,n03197337_2901.JPEG
n03197337,n03197337_48.JPEG
n03197337,n03197337_669.JPEG
n03197337,n03197337_6681.JPEG
n03197337,n03197337_8002.JPEG
n03197337,n03197337_3616.JPEG
n03197337,n03197337_9396.JPEG
n03197337,n03197337_1807.JPEG
n03197337,n03197337_16730.JPEG
n03197337,n03197337_1338.JPEG
n03197337,n03197337_7114.JPEG
n03197337,n03197337_830.JPEG
n03197337,n03197337_4904.JPEG
n03197337,n03197337_5673.JPEG
n03197337,n03197337_1885.JPEG
n03197337,n03197337_616.JPEG
n03197337,n03197337_1493.JPEG
n03197337,n03197337_1351.JPEG
n03197337,n03197337_544.JPEG
n03197337,n03197337_4803.JPEG
n03197337,n03197337_2980.JPEG
n03197337,n03197337_1925.JPEG
n03197337,n03197337_4454.JPEG
n03197337,n03197337_2937.JPEG
n03197337,n03197337_1045.JPEG
n03197337,n03197337_3591.JPEG
n03197337,n03197337_6547.JPEG
n03197337,n03197337_4983.JPEG
n03197337,n03197337_9029.JPEG
n03197337,n03197337_2783.JPEG
n03197337,n03197337_4485.JPEG
n03272010,n03272010_6219.JPEG
n03272010,n03272010_7485.JPEG
n03272010,n03272010_6886.JPEG
n03272010,n03272010_11611.JPEG
n03272010,n03272010_3353.JPEG
n03272010,n03272010_4594.JPEG
n03272010,n03272010_2539.JPEG
n03272010,n03272010_6825.JPEG
n03272010,n03272010_6208.JPEG
n03272010,n03272010_4953.JPEG
n03272010,n03272010_14701.JPEG
n03272010,n03272010_2880.JPEG
n03272010,n03272010_7370.JPEG
n03272010,n03272010_4598.JPEG
n03272010,n03272010_6747.JPEG
n03272010,n03272010_4370.JPEG
n03272010,n03272010_3532.JPEG
n03272010,n03272010_10710.JPEG
n03272010,n03272010_11702.JPEG
n03272010,n03272010_2289.JPEG
n03272010,n03272010_6978.JPEG
n03272010,n03272010_6575.JPEG
n03272010,n03272010_6686.JPEG
n03272010,n03272010_6473.JPEG
n03272010,n03272010_7585.JPEG
n03272010,n03272010_4724.JPEG
n03272010,n03272010_1531.JPEG
n03272010,n03272010_4751.JPEG
n03272010,n03272010_17752.JPEG
n03272010,n03272010_13834.JPEG
n03272010,n03272010_4713.JPEG
n03272010,n03272010_1242.JPEG
n03272010,n03272010_11537.JPEG
n03272010,n03272010_7309.JPEG
n03272010,n03272010_4472.JPEG
n03272010,n03272010_491.JPEG
n03272010,n03272010_649.JPEG
n03272010,n03272010_7101.JPEG
n03272010,n03272010_17735.JPEG
n03272010,n03272010_6705.JPEG
n03272010,n03272010_6407.JPEG
n03272010,n03272010_6392.JPEG
n03272010,n03272010_16031.JPEG
n03272010,n03272010_6660.JPEG
n03272010,n03272010_386.JPEG
n03272010,n03272010_7501.JPEG
n03272010,n03272010_5150.JPEG
n03272010,n03272010_3791.JPEG
n03272010,n03272010_6902.JPEG
n03272010,n03272010_7113.JPEG
n03272562,n03272562_1784.JPEG
n03272562,n03272562_4071.JPEG
n03272562,n03272562_7309.JPEG
n03272562,n03272562_9387.JPEG
n03272562,n03272562_12814.JPEG
n03272562,n03272562_10988.JPEG
n03272562,n03272562_3996.JPEG
n03272562,n03272562_9108.JPEG
n03272562,n03272562_6586.JPEG
n03272562,n03272562_1828.JPEG
n03272562,n03272562_1177.JPEG
n03272562,n03272562_6105.JPEG
n03272562,n03272562_1962.JPEG
n03272562,n03272562_6756.JPEG
n03272562,n03272562_4639.JPEG
n03272562,n03272562_8238.JPEG
n03272562,n03272562_7667.JPEG
n03272562,n03272562_608.JPEG
n03272562,n03272562_4339.JPEG
n03272562,n03272562_7962.JPEG
n03272562,n03272562_2929.JPEG
n03272562,n03272562_9153.JPEG
n03272562,n03272562_8831.JPEG
n03272562,n03272562_1086.JPEG
n03272562,n03272562_10216.JPEG
n03272562,n03272562_1968.JPEG
n03272562,n03272562_21848.JPEG
n03272562,n03272562_4588.JPEG
n03272562,n03272562_9422.JPEG
n03272562,n03272562_4677.JPEG
n03272562,n03272562_23949.JPEG
n03272562,n03272562_6925.JPEG
n03272562,n03272562_17407.JPEG
n03272562,n03272562_6590.JPEG
n03272562,n03272562_7903.JPEG
n03272562,n03272562_4342.JPEG
n03272562,n03272562_3315.JPEG
n03272562,n03272562_2727.JPEG
n03272562,n03272562_9527.JPEG
n03272562,n03272562_9027.JPEG
n03272562,n03272562_4190.JPEG
n03272562,n03272562_4191.JPEG
n03272562,n03272562_9030.JPEG
n03272562,n03272562_8788.JPEG
n03272562,n03272562_3236.JPEG
n03272562,n03272562_8931.JPEG
n03272562,n03272562_8639.JPEG
n03272562,n03272562_4381.JPEG
n03272562,n03272562_2339.JPEG
n03272562,n03272562_11066.JPEG
n03297495,n03297495_3864.JPEG
n03297495,n03297495_7555.JPEG
n03297495,n03297495_20441.JPEG
n03297495,n03297495_861.JPEG
n03297495,n03297495_1204.JPEG
n03297495,n03297495_6972.JPEG
n03297495,n03297495_226.JPEG
n03297495,n03297495_6805.JPEG
n03297495,n03297495_6041.JPEG
n03297495,n03297495_7624.JPEG
n03297495,n03297495_6730.JPEG
n03297495,n03297495_146.JPEG
n03297495,n03297495_9376.JPEG
n03297495,n03297495_2510.JPEG
n03297495,n03297495_2959.JPEG
n03297495,n03297495_8558.JPEG
n03297495,n03297495_23823.JPEG
n03297495,n03297495_1632.JPEG
n03297495,n03297495_3837.JPEG
n03297495,n03297495_5410.JPEG
n03297495,n03297495_2948.JPEG
n03297495,n03297495_7537.JPEG
n03297495,n03297495_3670.JPEG
n03297495,n03297495_2852.JPEG
n03297495,n03297495_5767.JPEG
n03297495,n03297495_697.JPEG
n03297495,n03297495_7249.JPEG
n03297495,n03297495_805.JPEG
n03297495,n03297495_5343.JPEG
n03297495,n03297495_1847.JPEG
n03297495,n03297495_5693.JPEG
n03297495,n03297495_5666.JPEG
n03297495,n03297495_6004.JPEG
n03297495,n03297495_1447.JPEG
n03297495,n03297495_355.JPEG
n03297495,n03297495_2592.JPEG
n03297495,n03297495_20866.JPEG
n03297495,n03297495_6144.JPEG
n03297495,n03297495_6989.JPEG
n03297495,n03297495_4225.JPEG
n03297495,n03297495_7657.JPEG
n03297495,n03297495_6860.JPEG
n03297495,n03297495_6435.JPEG
n03297495,n03297495_3934.JPEG
n03297495,n03297495_903.JPEG
n03297495,n03297495_9742.JPEG
n03297495,n03297495_22143.JPEG
n03297495,n03297495_1933.JPEG
n03297495,n03297495_3171.JPEG
n03297495,n03297495_6878.JPEG
n03376595,n03376595_13596.JPEG
n03376595,n03376595_8252.JPEG
n03376595,n03376595_6931.JPEG
n03376595,n03376595_247.JPEG
n03376595,n03376595_53.JPEG
n03376595,n03376595_10737.JPEG
n03376595,n03376595_513.JPEG
n03376595,n03376595_6555.JPEG
n03376595,n03376595_3021.JPEG
n03376595,n03376595_2119.JPEG
n03376595,n03376595_5336.JPEG
n03376595,n03376595_16706.JPEG
n03376595,n03376595_2393.JPEG
n03376595,n03376595_2756.JPEG
n03376595,n03376595_549.JPEG
n03376595,n03376595_15191.JPEG
n03376595,n03376595_1511.JPEG
n03376595,n03376595_4261.JPEG
n03376595,n03376595_10579.JPEG
n03376595,n03376595_9332.JPEG
n03376595,n03376595_9081.JPEG
n03376595,n03376595_10755.JPEG
n03376595,n03376595_852.JPEG
n03376595,n03376595_11049.JPEG
n03376595,n03376595_8090.JPEG
n03376595,n03376595_2419.JPEG
n03376595,n03376595_13734.JPEG
n03376595,n03376595_7985.JPEG
n03376595,n03376595_3043.JPEG
n03376595,n03376595_11970.JPEG
n03376595,n03376595_635.JPEG
n03376595,n03376595_14453.JPEG
n03376595,n03376595_3096.JPEG
n03376595,n03376595_14658.JPEG
n03376595,n03376595_5074.JPEG
n03376595,n03376595_6674.JPEG
n03376595,n03376595_1130.JPEG
n03376595,n03376595_6759.JPEG
n03376595,n03376595_108.JPEG
n03376595,n03376595_2617.JPEG
n03376595,n03376595_4826.JPEG
n03376595,n03376595_8916.JPEG
n03376595,n03376595_2406.JPEG
n03376595,n03376595_5133.JPEG
n03376595,n03376595_1446.JPEG
n03376595,n03376595_2729.JPEG
n03376595,n03376595_8346.JPEG
n03376595,n03376595_3835.JPEG
n03376595,n03376595_3398.JPEG
n03445777,n03445777_6397.JPEG
n03445777,n03445777_1252.JPEG
n03445777,n03445777_1386.JPEG
n03445777,n03445777_11409.JPEG
n03445777,n03445777_3275.JPEG
n03445777,n03445777_8839.JPEG
n03445777,n03445777_8026.JPEG
n03445777,n03445777_10655.JPEG
n03445777,n03445777_2493.JPEG
n03445777,n03445777_15187.JPEG
n03445777,n03445777_16360.JPEG
n03445777,n03445777_3704.JPEG
n03445777,n03445777_9865.JPEG
n03445777,n03445777_2951.JPEG
n03445777,n03445777_3356.JPEG
n03445777,n03445777_3296.JPEG
n03445777,n03445777_2486.JPEG
n03445777,n03445777_9216.JPEG
n03445777,n03445777_14638.JPEG
n03445777,n03445777_6451.JPEG
n03445777,n03445777_5224.JPEG
n03445777,n03445777_603.JPEG
n03445777,n03445777_6265.JPEG
n03445777,n03445777_10698.JPEG
n03445777,n03445777_520.JPEG
n03445777,n03445777_15294.JPEG
n03445777,n03445777_298.JPEG
n03445777,n03445777_13918.JPEG
n03445777,n03445777_1460.JPEG
n03445777,n03445777_10723.JPEG
n03445777,n03445777_6794.JPEG
n03445777,n03445777_7797.JPEG
n03445777,n03445777_2548.JPEG
n03445777,n03445777_5342.JPEG
n03445777,n03445777_10719.JPEG
n03445777,n03445777_14816.JPEG
n03445777,n03445777_2634.JPEG
n03445777,n03445777_5222.JPEG
n03445777,n03445777_7729.JPEG
n03445777,n03445777_4914.JPEG
n03445777,n03445777_4588.JPEG
n03445777,n03445777_1169.JPEG
n03445777,n03445777_5377.JPEG
n03445777,n03445777_8477.JPEG
n03445777,n03445777_2427.JPEG
n03445777,n03445777_7947.JPEG
n03445777,n03445777_2207.JPEG
n03445777,n03445777_4098.JPEG
n03445777,n03445777_8224.JPEG
n03445777,n03445777_5546.JPEG
n03452741,n03452741_10677.JPEG
n03452741,n03452741_3088.JPEG
n03452741,n03452741_7127.JPEG
n03452741,n03452741_2968.JPEG
n03452741,n03452741_15314.JPEG
n03452741,n03452741_21391.JPEG
n03452741,n03452741_2748.JPEG
n03452741,n03452741_20907.JPEG
n03452741,n03452741_11632.JPEG
n03452741,n03452741_15985.JPEG
n03452741,n03452741_10885.JPEG
n03452741,n03452741_19730.JPEG
n03452741,n03452741_2747.JPEG
n03452741,n03452741_1177.JPEG
n03452741,n03452741_7930.JPEG
n03452741,n03452741_5051.JPEG
n03452741,n03452741_16744.JPEG
n03452741,n03452741_12188.JPEG
n03452741,n03452741_2540.JPEG
n03452741,n03452741_5417.JPEG
n03452741,n03452741_12093.JPEG
n03452741,n03452741_3898.JPEG
n03452741,n03452741_5313.JPEG
n03452741,n03452741_24828.JPEG
n03452741,n03452741_7769.JPEG
n03452741,n03452741_1233.JPEG
n03452741,n03452741_6867.JPEG
n03452741,n03452741_5499.JPEG
n03452741,n03452741_5497.JPEG
n03452741,n03452741_1987.JPEG
n03452741,n03452741_25458.JPEG
n03452741,n03452741_8763.JPEG
n03452741,n03452741_596.JPEG
n03452741,n03452741_5127.JPEG
n03452741,n03452741_2123.JPEG
n03452741,n03452741_3767.JPEG
n03452741,n03452741_1652.JPEG
n03452741,n03452741_13260.JPEG
n03452741,n03452741_1039.JPEG
n03452741,n03452741_11539.JPEG
n03452741,n03452741_1134.JPEG
n03452741,n03452741_13438.JPEG
n03452741,n03452741_9008.JPEG
n03452741,n03452741_12607.JPEG
n03452741,n03452741_17620.JPEG
n03452741,n03452741_7563.JPEG
n03452741,n03452741_12409.JPEG
n03452741,n03452741_10443.JPEG
n03452741,n03452741_15660.JPEG
n03452741,n03452741_2982.JPEG
n03584829,n03584829_14825.JPEG
n03584829,n03584829_34990.JPEG
n03584829,n03584829_6176.JPEG
n03584829,n03584829_23908.JPEG
n03584829,n03584829_37186.JPEG
n03584829,n03584829_45572.JPEG
n03584829,n03584829_17079.JPEG
n03584829,n03584829_19502.JPEG
n03584829,n03584829_25078.JPEG
n03584829,n03584829_14652.JPEG
n03584829,n03584829_28537.JPEG
n03584829,n03584829_50475.JPEG
n03584829,n03584829_37429.JPEG
n03584829,n03584829_35565.JPEG
n03584829,n03584829_49805.JPEG
n03584829,n03584829_43476.JPEG
n03584829,n03584829_15033.JPEG
n03584829,n03584829_22166.JPEG
n03584829,n03584829_32695.JPEG
n03584829,n03584829_23985.JPEG
n03584829,n03584829_34968.JPEG
n03584829,n03584829_4421.JPEG
n03584829,n03584829_42056.JPEG
n03584829,n03584829_11991.JPEG
n03584829,n03584829_3352.JPEG
n03584829,n03584829_14994.JPEG
n03584829,n03584829_11570.JPEG
n03584829,n03584829_17682.JPEG
n03584829,n03584829_26740.JPEG
n03584829,n03584829_23459.JPEG
n03584829,n03584829_28308.JPEG
n03584829,n03584829_8502.JPEG
n03584829,n03584829_16538.JPEG
n03584829,n03584829_42351.JPEG
n03584829,n03584829_33459.JPEG
n03584829,n03584829_2690.JPEG
n03584829,n03584829_13149.JPEG
n03584829,n03584829_27971.JPEG
n03584829,n03584829_13555.JPEG
n03584829,n03584829_18101.JPEG
n03584829,n03584829_8238.JPEG
n03584829,n03584829_1618.JPEG
n03584829,n03584829_441.JPEG
n03584829,n03584829_35528.JPEG
n03584829,n03584829_4295.JPEG
n03584829,n03584829_36033.JPEG
n03584829,n03584829_5468.JPEG
n03584829,n03584829_1928.JPEG
n03584829,n03584829_57652.JPEG
n03584829,n03584829_22963.JPEG
n03590841,n03590841_6880.JPEG
n03590841,n03590841_2089.JPEG
n03590841,n03590841_5378.JPEG
n03590841,n03590841_4723.JPEG
n03590841,n03590841_5730.JPEG
n03590841,n03590841_1053.JPEG
n03590841,n03590841_3496.JPEG
n03590841,n03590841_8067.JPEG
n03590841,n03590841_11147.JPEG
n03590841,n03590841_10934.JPEG
n03590841,n03590841_5619.JPEG
n03590841,n03590841_8648.JPEG
n03590841,n03590841_5596.JPEG
n03590841,n03590841_9772.JPEG
n03590841,n03590841_7585.JPEG
n03590841,n03590841_11761.JPEG
n03590841,n03590841_4737.JPEG
n03590841,n03590841_3013.JPEG
n03590841,n03590841_7080.JPEG
n03590841,n03590841_2665.JPEG
n03590841,n03590841_7112.JPEG
n03590841,n03590841_2884.JPEG
n03590841,n03590841_6180.JPEG
n03590841,n03590841_5746.JPEG
n03590841,n03590841_11757.JPEG
n03590841,n03590841_5460.JPEG
n03590841,n03590841_272.JPEG
n03590841,n03590841_6380.JPEG
n03590841,n03590841_589.JPEG
n03590841,n03590841_11242.JPEG
n03590841,n03590841_5739.JPEG
n03590841,n03590841_21.JPEG
n03590841,n03590841_4580.JPEG
n03590841,n03590841_6874.JPEG
n03590841,n03590841_6382.JPEG
n03590841,n03590841_5612.JPEG
n03590841,n03590841_12008.JPEG
n03590841,n03590841_1942.JPEG
n03590841,n03590841_2521.JPEG
n03590841,n03590841_5553.JPEG
n03590841,n03590841_6462.JPEG
n03590841,n03590841_6750.JPEG
n03590841,n03590841_8166.JPEG
n03590841,n03590841_317.JPEG
n03590841,n03590841_6633.JPEG
n03590841,n03590841_3715.JPEG
n03590841,n03590841_14190.JPEG
n03590841,n03590841_4692.JPEG
n03590841,n03590841_13511.JPEG
n03590841,n03590841_13459.JPEG
n03709823,n03709823_451.JPEG
n03709823,n03709823_18703.JPEG
n03709823,n03709823_4089.JPEG
n03709823,n03709823_15257.JPEG
n03709823,n03709823_16780.JPEG
n03709823,n03709823_25676.JPEG
n03709823,n03709823_16731.JPEG
n03709823,n03709823_24814.JPEG
n03709823,n03709823_7134.JPEG
n03709823,n03709823_8862.JPEG
n03709823,n03709823_19280.JPEG
n03709823,n03709823_17750.JPEG
n03709823,n03709823_25684.JPEG
n03709823,n03709823_491.JPEG
n03709823,n03709823_7681.JPEG
n03709823,n03709823_17118.JPEG
n03709823,n03709823_23169.JPEG
n03709823,n03709823_25550.JPEG
n03709823,n03709823_18246.JPEG
n03709823,n03709823_25081.JPEG
n03709823,n03709823_9033.JPEG
n03709823,n03709823_14124.JPEG
n03709823,n03709823_14414.JPEG
n03709823,n03709823_14136.JPEG
n03709823,n03709823_24745.JPEG
n03709823,n03709823_9413.JPEG
n03709823,n03709823_595.JPEG
n03709823,n03709823_24403.JPEG
n03709823,n03709823_16994.JPEG
n03709823,n03709823_12670.JPEG
n03709823,n03709823_1562.JPEG
n03709823,n03709823_26727.JPEG
n03709823,n03709823_6919.JPEG
n03709823,n03709823_19218.JPEG
n03709823,n03709823_16792.JPEG
n03709823,n03709823_11912.JPEG
n03709823,n03709823_15337.JPEG
n03709823,n03709823_17153.JPEG
n03709823,n03709823_9192.JPEG
n03709823,n03709823_17878.JPEG
n03709823,n03709823_4113.JPEG
n03709823,n03709823_11119.JPEG
n03709823,n03709823_54.JPEG
n03709823,n03709823_17276.JPEG
n03709823,n03709823_2377.JPEG
n03709823,n03709823_17693.JPEG
n03709823,n03709823_12759.JPEG
n03709823,n03709823_30215.JPEG
n03709823,n03709823_18874.JPEG
n03709823,n03709823_5945.JPEG
n03773504,n03773504_2805.JPEG
n03773504,n03773504_16262.JPEG
n03773504,n03773504_16122.JPEG
n03773504,n03773504_23911.JPEG
n03773504,n03773504_17692.JPEG
n03773504,n03773504_13201.JPEG
n03773504,n03773504_919.JPEG
n03773504,n03773504_19468.JPEG
n03773504,n03773504_8896.JPEG
n03773504,n03773504_5893.JPEG
n03773504,n03773504_24500.JPEG
n03773504,n03773504_18353.JPEG
n03773504,n03773504_190.JPEG
n03773504,n03773504_2986.JPEG
n03773504,n03773504_14300.JPEG
n03773504,n03773504_4107.JPEG
n03773504,n03773504_4959.JPEG
n03773504,n03773504_9557.JPEG
n03773504,n03773504_5904.JPEG
n03773504,n03773504_1281.JPEG
n03773504,n03773504_24291.JPEG
n03773504,n03773504_21104.JPEG
n03773504,n03773504_8982.JPEG
n03773504,n03773504_14125.JPEG
n03773504,n03773504_14109.JPEG
n03773504,n03773504_3067.JPEG
n03773504,n03773504_10749.JPEG
n03773504,n03773504_3694.JPEG
n03773504,n03773504_3650.JPEG
n03773504,n03773504_24354.JPEG
n03773504,n03773504_370.JPEG
n03773504,n03773504_6748.JPEG
n03773504,n03773504_1194.JPEG
n03773504,n03773504_1147.JPEG
n03773504,n03773504_6291.JPEG
n03773504,n03773504_15609.JPEG
n03773504,n03773504_27122.JPEG
n03773504,n03773504_17834.JPEG
n03773504,n03773504_7654.JPEG
n03773504,n03773504_6492.JPEG
n03773504,n03773504_17345.JPEG
n03773504,n03773504_12829.JPEG
n03773504,n03773504_2899.JPEG
n03773504,n03773504_6765.JPEG
n03773504,n03773504_21879.JPEG
n03773504,n03773504_12019.JPEG
n03773504,n03773504_8042.JPEG
n03773504,n03773504_7432.JPEG
n03773504,n03773504_6126.JPEG
n03773504,n03773504_29664.JPEG
n03775071,n03775071_14876.JPEG
n03775071,n03775071_4141.JPEG
n03775071,n03775071_15065.JPEG
n03775071,n03775071_2735.JPEG
n03775071,n03775071_12083.JPEG
n03775071,n03775071_20922.JPEG
n03775071,n03775071_10386.JPEG
n03775071,n03775071_14287.JPEG
n03775071,n03775071_14792.JPEG
n03775071,n03775071_4289.JPEG
n03775071,n03775071_8171.JPEG
n03775071,n03775071_8091.JPEG
n03775071,n03775071_6122.JPEG
n03775071,n03775071_3153.JPEG
n03775071,n03775071_9762.JPEG
n03775071,n03775071_11762.JPEG
n03775071,n03775071_10573.JPEG
n03775071,n03775071_950.JPEG
n03775071,n03775071_14066.JPEG
n03775071,n03775071_7922.JPEG
n03775071,n03775071_10050.JPEG
n03775071,n03775071_794.JPEG
n03775071,n03775071_44.JPEG
n03775071,n03775071_8354.JPEG
n03775071,n03775071_2160.JPEG
n03775071,n03775071_3112.JPEG
n03775071,n03775071_7968.JPEG
n03775071,n03775071_9544.JPEG
n03775071,n03775071_11429.JPEG
n03775071,n03775071_7753.JPEG
n03775071,n03775071_7792.JPEG
n03775071,n03775071_4799.JPEG
n03775071,n03775071_4070.JPEG
n03775071,n03775071_11195.JPEG
n03775071,n03775071_18300.JPEG
n03775071,n03775071_11032.JPEG
n03775071,n03775071_29137.JPEG
n03775071,n03775071_14789.JPEG
n03775071,n03775071_1170.JPEG
n03775071,n03775071_9475.JPEG
n03775071,n03775071_31820.JPEG
n03775071,n03775071_3297.JPEG
n03775071,n03775071_13384.JPEG
n03775071,n03775071_11708.JPEG
n03775071,n03775071_2681.JPEG
n03775071,n03775071_15074.JPEG
n03775071,n03775071_9939.JPEG
n03775071,n03775071_19072.JPEG
n03775071,n03775071_14467.JPEG
n03775071,n03775071_5437.JPEG
n03792782,n03792782_15924.JPEG
n03792782,n03792782_52040.JPEG
n03792782,n03792782_15557.JPEG
n03792782,n03792782_33413.JPEG
n03792782,n03792782_1018.JPEG
n03792782,n03792782_12815.JPEG
n03792782,n03792782_15616.JPEG
n03792782,n03792782_27435.JPEG
n03792782,n03792782_210.JPEG
n03792782,n03792782_12075.JPEG
n03792782,n03792782_8977.JPEG
n03792782,n03792782_40932.JPEG
n03792782,n03792782_7566.JPEG
n03792782,n03792782_13717.JPEG
n03792782,n03792782_122.JPEG
n03792782,n03792782_757.JPEG
n03792782,n03792782_41513.JPEG
n03792782,n03792782_7678.JPEG
n03792782,n03792782_51296.JPEG
n03792782,n03792782_4249.JPEG
n03792782,n03792782_3253.JPEG
n03792782,n03792782_3513.JPEG
n03792782,n03792782_1105.JPEG
n03792782,n03792782_933.JPEG
n03792782,n03792782_73754.JPEG
n03792782,n03792782_1424.JPEG
n03792782,n03792782_1475.JPEG
n03792782,n03792782_5419.JPEG
n03792782,n03792782_2550.JPEG
n03792782,n03792782_15989.JPEG
n03792782,n03792782_10638.JPEG
n03792782,n03792782_442.JPEG
n03792782,n03792782_7544.JPEG
n03792782,n03792782_1225.JPEG
n03792782,n03792782_5672.JPEG
n03792782,n03792782_7638.JPEG
n03792782,n03792782_11989.JPEG
n03792782,n03792782_22626.JPEG
n03792782,n03792782_14520.JPEG
n03792782,n03792782_978.JPEG
n03792782,n03792782_51004.JPEG
n03792782,n03792782_7438.JPEG
n03792782,n03792782_8799.JPEG
n03792782,n03792782_7796.JPEG
n03792782,n03792782_6149.JPEG
n03792782,n03792782_8840.JPEG
n03792782,n03792782_11817.JPEG
n03792782,n03792782_51723.JPEG
n03792782,n03792782_15531.JPEG
n03792782,n03792782_11597.JPEG
n03792972,n03792972_6888.JPEG
n03792972,n03792972_17744.JPEG
n03792972,n03792972_2062.JPEG
n03792972,n03792972_1570.JPEG
n03792972,n03792972_4937.JPEG
n03792972,n03792972_1036.JPEG
n03792972,n03792972_16558.JPEG
n03792972,n03792972_4668.JPEG
n03792972,n03792972_710.JPEG
n03792972,n03792972_5151.JPEG
n03792972,n03792972_5632.JPEG
n03792972,n03792972_3787.JPEG
n03792972,n03792972_3633.JPEG
n03792972,n03792972_8208.JPEG
n03792972,n03792972_21953.JPEG
n03792972,n03792972_5693.JPEG
n03792972,n03792972_21968.JPEG
n03792972,n03792972_5624.JPEG
n03792972,n03792972_7442.JPEG
n03792972,n03792972_2647.JPEG
n03792972,n03792972_4392.JPEG
n03792972,n03792972_5327.JPEG
n03792972,n03792972_5452.JPEG
n03792972,n03792972_3139.JPEG
n03792972,n03792972_20760.JPEG
n03792972,n03792972_9168.JPEG
n03792972,n03792972_7636.JPEG
n03792972,n03792972_2684.JPEG
n03792972,n03792972_6192.JPEG
n03792972,n03792972_10790.JPEG
n03792972,n03792972_7847.JPEG
n03792972,n03792972_3370.JPEG
n03792972,n03792972_4075.JPEG
n03792972,n03792972_1415.JPEG
n03792972,n03792972_4965.JPEG
n03792972,n03792972_5525.JPEG
n03792972,n03792972_6273.JPEG
n03792972,n03792972_6306.JPEG
n03792972,n03792972_8672.JPEG
n03792972,n03792972_3530.JPEG
n03792972,n03792972_2680.JPEG
n03792972,n03792972_474.JPEG
n03792972,n03792972_3150.JPEG
n03792972,n03792972_7810.JPEG
n03792972,n03792972_6504.JPEG
n03792972,n03792972_2068.JPEG
n03792972,n03792972_16299.JPEG
n03792972,n03792972_8504.JPEG
n03792972,n03792972_6880.JPEG
n03792972,n03792972_3356.JPEG
n03877472,n03877472_2084.JPEG
n03877472,n03877472_4423.JPEG
n03877472,n03877472_13777.JPEG
n03877472,n03877472_28483.JPEG
n03877472,n03877472_15311.JPEG
n03877472,n03877472_23771.JPEG
n03877472,n03877472_13361.JPEG
n03877472,n03877472_27896.JPEG
n03877472,n03877472_15325.JPEG
n03877472,n03877472_3847.JPEG
n03877472,n03877472_10554.JPEG
n03877472,n03877472_24064.JPEG
n03877472,n03877472_19578.JPEG
n03877472,n03877472_59785.JPEG
n03877472,n03877472_18970.JPEG
n03877472,n03877472_28707.JPEG
n03877472,n03877472_20362.JPEG
n03877472,n03877472_1245.JPEG
n03877472,n03877472_49257.JPEG
n03877472,n03877472_4952.JPEG
n03877472,n03877472_16070.JPEG
n03877472,n03877472_4073.JPEG
n03877472,n03877472_17347.JPEG
n03877472,n03877472_24739.JPEG
n03877472,n03877472_35944.JPEG
n03877472,n03877472_15988.JPEG
n03877472,n03877472_28953.JPEG
n03877472,n03877472_18905.JPEG
n03877472,n03877472_3327.JPEG
n03877472,n03877472_15398.JPEG
n03877472,n03877472_21671.JPEG
n03877472,n03877472_38766.JPEG
n03877472,n03877472_566.JPEG
n03877472,n03877472_1350.JPEG
n03877472,n03877472_2704.JPEG
n03877472,n03877472_14155.JPEG
n03877472,n03877472_10144.JPEG
n03877472,n03877472_17412.JPEG
n03877472,n03877472_22593.JPEG
n03877472,n03877472_33829.JPEG
n03877472,n03877472_2301.JPEG
n03877472,n03877472_34007.JPEG
n03877472,n03877472_20131.JPEG
n03877472,n03877472_25717.JPEG
n03877472,n03877472_17417.JPEG
n03877472,n03877472_8388.JPEG
n03877472,n03877472_22207.JPEG
n03877472,n03877472_53538.JPEG
n03877472,n03877472_4672.JPEG
n03888257,n03888257_5316.JPEG
n03888257,n03888257_18921.JPEG
n03888257,n03888257_15491.JPEG
n03888257,n03888257_9449.JPEG
n03888257,n03888257_10341.JPEG
n03888257,n03888257_20148.JPEG
n03888257,n03888257_39168.JPEG
n03888257,n03888257_20436.JPEG
n03888257,n03888257_20572.JPEG
n03888257,n03888257_8193.JPEG
n03888257,n03888257_11387.JPEG
n03888257,n03888257_5799.JPEG
n03888257,n03888257_24025.JPEG
n03888257,n03888257_74823.JPEG
n03888257,n03888257_10263.JPEG
n03888257,n03888257_24804.JPEG
n03888257,n03888257_5551.JPEG
n03888257,n03888257_19211.JPEG
n03888257,n03888257_12753.JPEG
n03888257,n03888257_22484.JPEG
n03888257,n03888257_5703.JPEG
n03888257,n03888257_8089.JPEG
n03888257,n03888257_11699.JPEG
n03888257,n03888257_6912.JPEG
n03888257,n03888257_8806.JPEG
n03888257,n03888257_11755.JPEG
n03888257,n03888257_9371.JPEG
n03888257,n03888257_54295.JPEG
n03888257,n03888257_34737.JPEG
n03888257,n03888257_17848.JPEG
n03888257,n03888257_16741.JPEG
n03888257,n03888257_12842.JPEG
n03888257,n03888257_39021.JPEG
n03888257,n03888257_25024.JPEG
n03888257,n03888257_8439.JPEG
n03888257,n03888257_5543.JPEG
n03888257,n03888257_28669.JPEG
n03888257,n03888257_7960.JPEG
n03888257,n03888257_19139.JPEG
n03888257,n03888257_35890.JPEG
n03888257,n03888257_15735.JPEG
n03888257,n03888257_72045.JPEG
n03888257,n03888257_5404.JPEG
n03888257,n03888257_67221.JPEG
n03888257,n03888257_23265.JPEG
n03888257,n03888257_6749.JPEG
n03888257,n03888257_29712.JPEG
n03888257,n03888257_25093.JPEG
n03888257,n03888257_23233.JPEG
n03888257,n03888257_10568.JPEG
n03982430,n03982430_10654.JPEG
n03982430,n03982430_340.JPEG
n03982430,n03982430_820.JPEG
n03982430,n03982430_454.JPEG
n03982430,n03982430_38762.JPEG
n03982430,n03982430_27656.JPEG
n03982430,n03982430_7125.JPEG
n03982430,n03982430_8415.JPEG
n03982430,n03982430_13651.JPEG
n03982430,n03982430_17180.JPEG
n03982430,n03982430_22918.JPEG
n03982430,n03982430_5509.JPEG
n03982430,n03982430_20620.JPEG
n03982430,n03982430_16249.JPEG
n03982430,n03982430_28132.JPEG
n03982430,n03982430_10737.JPEG
n03982430,n03982430_26106.JPEG
n03982430,n03982430_22706.JPEG
n03982430,n03982430_26452.JPEG
n03982430,n03982430_19962.JPEG
n03982430,n03982430_24236.JPEG
n03982430,n03982430_6758.JPEG
n03982430,n03982430_22000.JPEG
n03982430,n03982430_1387.JPEG
n03982430,n03982430_30922.JPEG
n03982430,n03982430_22203.JPEG
n03982430,n03982430_4768.JPEG
n03982430,n03982430_38183.JPEG
n03982430,n03982430_1280.JPEG
n03982430,n03982430_26451.JPEG
n03982430,n03982430_7690.JPEG
n03982430,n03982430_22989.JPEG
n03982430,n03982430_31385.JPEG
n03982430,n03982430_26384.JPEG
n03982430,n03982430_38296.JPEG
n03982430,n03982430_38664.JPEG
n03982430,n03982430_21363.JPEG
n03982430,n03982430_25514.JPEG
n03982430,n03982430_22186.JPEG
n03982430,n03982430_25524.JPEG
n03982430,n03982430_3386.JPEG
n03982430,n03982430_20021.JPEG
n03982430,n03982430_7509.JPEG
n03982430,n03982430_11084.JPEG
n03982430,n03982430_696.JPEG
n03982430,n03982430_4411.JPEG
n03982430,n03982430_38116.JPEG
n03982430,n03982430_6084.JPEG
n03982430,n03982430_38303.JPEG
n03982430,n03982430_38007.JPEG
n04044716,n04044716_8149.JPEG
n04044716,n04044716_14332.JPEG
n04044716,n04044716_7003.JPEG
n04044716,n04044716_12999.JPEG
n04044716,n04044716_3891.JPEG
n04044716,n04044716_13714.JPEG
n04044716,n04044716_553.JPEG
n04044716,n04044716_10371.JPEG
n04044716,n04044716_2201.JPEG
n04044716,n04044716_16890.JPEG
n04044716,n04044716_8041.JPEG
n04044716,n04044716_6993.JPEG
n04044716,n04044716_8750.JPEG
n04044716,n04044716_17472.JPEG
n04044716,n04044716_3605.JPEG
n04044716,n04044716_691.JPEG
n04044716,n04044716_895.JPEG
n04044716,n04044716_7208.JPEG
n04044716,n04044716_7075.JPEG
n04044716,n04044716_555.JPEG
n04044716,n04044716_14839.JPEG
n04044716,n04044716_15589.JPEG
n04044716,n04044716_8814.JPEG
n04044716,n04044716_1159.JPEG
n04044716,n04044716_10174.JPEG
n04044716,n04044716_9463.JPEG
n04044716,n04044716_860.JPEG
n04044716,n04044716_12188.JPEG
n04044716,n04044716_8060.JPEG
n04044716,n04044716_11204.JPEG
n04044716,n04044716_7245.JPEG
n04044716,n04044716_14261.JPEG
n04044716,n04044716_17511.JPEG
n04044716,n04044716_1297.JPEG
n04044716,n04044716_8877.JPEG
n04044716,n04044716_11667.JPEG
n04044716,n04044716_17274.JPEG
n04044716,n04044716_9308.JPEG
n04044716,n04044716_7072.JPEG
n04044716,n04044716_13329.JPEG
n04044716,n04044716_1622.JPEG
n04044716,n04044716_12264.JPEG
n04044716,n04044716_14350.JPEG
n04044716,n04044716_14689.JPEG
n04044716,n04044716_10185.JPEG
n04044716,n04044716_23926.JPEG
n04044716,n04044716_16185.JPEG
n04044716,n04044716_8320.JPEG
n04044716,n04044716_8778.JPEG
n04044716,n04044716_14882.JPEG
n04069434,n04069434_17439.JPEG
n04069434,n04069434_9682.JPEG
n04069434,n04069434_12869.JPEG
n04069434,n04069434_11379.JPEG
n04069434,n04069434_22737.JPEG
n04069434,n04069434_12873.JPEG
n04069434,n04069434_25763.JPEG
n04069434,n04069434_20903.JPEG
n04069434,n04069434_12771.JPEG
n04069434,n04069434_6336.JPEG
n04069434,n04069434_7064.JPEG
n04069434,n04069434_22389.JPEG
n04069434,n04069434_17289.JPEG
n04069434,n04069434_12120.JPEG
n04069434,n04069434_24416.JPEG
n04069434,n04069434_25119.JPEG
n04069434,n04069434_10640.JPEG
n04069434,n04069434_2244.JPEG
n04069434,n04069434_10318.JPEG
n04069434,n04069434_22664.JPEG
n04069434,n04069434_12878.JPEG
n04069434,n04069434_23835.JPEG
n04069434,n04069434_2260.JPEG
n04069434,n04069434_4984.JPEG
n04069434,n04069434_14764.JPEG
n04069434,n04069434_12271.JPEG
n04069434,n04069434_8520.JPEG
n04069434,n04069434_7363.JPEG
n04069434,n04069434_25732.JPEG
n04069434,n04069434_9580.JPEG
n04069434,n04069434_5636.JPEG
n04069434,n04069434_26426.JPEG
n04069434,n04069434_14206.JPEG
n04069434,n04069434_21934.JPEG
n04069434,n04069434_12218.JPEG
n04069434,n04069434_23709.JPEG
n04069434,n04069434_16723.JPEG
n04069434,n04069434_2544.JPEG
n04069434,n04069434_8333.JPEG
n04069434,n04069434_8666.JPEG
n04069434,n04069434_6988.JPEG
n04069434,n04069434_9030.JPEG
n04069434,n04069434_3119.JPEG
n04069434,n04069434_3590.JPEG
n04069434,n04069434_4865.JPEG
n04069434,n04069434_2931.JPEG
n04069434,n04069434_14342.JPEG
n04069434,n04069434_4001.JPEG
n04069434,n04069434_1429.JPEG
n04069434,n04069434_9755.JPEG
n04086273,n04086273_17042.JPEG
n04086273,n04086273_234.JPEG
n04086273,n04086273_4876.JPEG
n04086273,n04086273_6166.JPEG
n04086273,n04086273_2383.JPEG
n04086273,n04086273_20252.JPEG
n04086273,n04086273_2509.JPEG
n04086273,n04086273_15351.JPEG
n04086273,n04086273_9295.JPEG
n04086273,n04086273_5768.JPEG
n04086273,n04086273_22354.JPEG
n04086273,n04086273_38573.JPEG
n04086273,n04086273_2750.JPEG
n04086273,n04086273_19589.JPEG
n04086273,n04086273_1283.JPEG
n04086273,n04086273_400.JPEG
n04086273,n04086273_4437.JPEG
n04086273,n04086273_24014.JPEG
n04086273,n04086273_24997.JPEG
n04086273,n04086273_29628.JPEG
n04086273,n04086273_15347.JPEG
n04086273,n04086273_7611.JPEG
n04086273,n04086273_11758.JPEG
n04086273,n04086273_7815.JPEG
n04086273,n04086273_29346.JPEG
n04086273,n04086273_10557.JPEG
n04086273,n04086273_24099.JPEG
n04086273,n04086273_12999.JPEG
n04086273,n04086273_25506.JPEG
n04086273,n04086273_2044.JPEG
n04086273,n04086273_8280.JPEG
n04086273,n04086273_26142.JPEG
n04086273,n04086273_951.JPEG
n04086273,n04086273_26698.JPEG
n04086273,n04086273_3360.JPEG
n04086273,n04086273_15333.JPEG
n04086273,n04086273_10244.JPEG
n04086273,n04086273_17269.JPEG
n04086273,n04086273_2640.JPEG
n04086273,n04086273_17510.JPEG
n04086273,n04086273_24071.JPEG
n04086273,n04086273_26689.JPEG
n04086273,n04086273_31449.JPEG
n04086273,n04086273_9176.JPEG
n04086273,n04086273_5691.JPEG
n04086273,n04086273_14978.JPEG
n04086273,n04086273_1330.JPEG
n04086273,n04086273_7362.JPEG
n04086273,n04086273_18282.JPEG
n04086273,n04086273_23903.JPEG
n04120489,n04120489_2287.JPEG
n04120489,n04120489_13557.JPEG
n04120489,n04120489_2833.JPEG
n04120489,n04120489_1583.JPEG
n04120489,n04120489_5595.JPEG
n04120489,n04120489_4559.JPEG
n04120489,n04120489_2346.JPEG
n04120489,n04120489_4989.JPEG
n04120489,n04120489_1066.JPEG
n04120489,n04120489_1397.JPEG
n04120489,n04120489_12988.JPEG
n04120489,n04120489_191.JPEG
n04120489,n04120489_10588.JPEG
n04120489,n04120489_5531.JPEG
n04120489,n04120489_6375.JPEG
n04120489,n04120489_1083.JPEG
n04120489,n04120489_5075.JPEG
n04120489,n04120489_10744.JPEG
n04120489,n04120489_11988.JPEG
n04120489,n04120489_6812.JPEG
n04120489,n04120489_4138.JPEG
n04120489,n04120489_5706.JPEG
n04120489,n04120489_6612.JPEG
n04120489,n04120489_2607.JPEG
n04120489,n04120489_1561.JPEG
n04120489,n04120489_7187.JPEG
n04120489,n04120489_43.JPEG
n04120489,n04120489_4024.JPEG
n04120489,n04120489_11501.JPEG
n04120489,n04120489_3626.JPEG
n04120489,n04120489_140.JPEG
n04120489,n04120489_4360.JPEG
n04120489,n04120489_5424.JPEG
n04120489,n04120489_1850.JPEG
n04120489,n04120489_6792.JPEG
n04120489,n04120489_780.JPEG
n04120489,n04120489_4702.JPEG
n04120489,n04120489_3979.JPEG
n04120489,n04120489_15272.JPEG
n04120489,n04120489_14875.JPEG
n04120489,n04120489_6168.JPEG
n04120489,n04120489_4154.JPEG
n04120489,n04120489_10206.JPEG
n04120489,n04120489_1426.JPEG
n04120489,n04120489_3816.JPEG
n04120489,n04120489_11173.JPEG
n04120489,n04120489_4892.JPEG
n04120489,n04120489_18.JPEG
n04120489,n04120489_10539.JPEG
n04120489,n04120489_4419.JPEG
n07753592,n07753592_16953.JPEG
n07753592,n07753592_3018.JPEG
n07753592,n07753592_10281.JPEG
n07753592,n07753592_847.JPEG
n07753592,n07753592_7560.JPEG
n07753592,n07753592_5019.JPEG
n07753592,n07753592_1054.JPEG
n07753592,n07753592_1562.JPEG
n07753592,n07753592_13820.JPEG
n07753592,n07753592_8831.JPEG
n07753592,n07753592_5899.JPEG
n07753592,n07753592_12082.JPEG
n07753592,n07753592_10252.JPEG
n07753592,n07753592_22813.JPEG
n07753592,n07753592_11248.JPEG
n07753592,n07753592_10343.JPEG
n07753592,n07753592_20463.JPEG
n07753592,n07753592_3841.JPEG
n07753592,n07753592_3707.JPEG
n07753592,n07753592_10598.JPEG
n07753592,n07753592_6889.JPEG
n07753592,n07753592_11656.JPEG
n07753592,n07753592_11731.JPEG
n07753592,n07753592_24879.JPEG
n07753592,n07753592_7211.JPEG
n07753592,n07753592_2604.JPEG
n07753592,n07753592_18752.JPEG
n07753592,n07753592_3543.JPEG
n07753592,n07753592_11542.JPEG
n07753592,n07753592_11653.JPEG
n07753592,n07753592_1341.JPEG
n07753592,n07753592_10848.JPEG
n07753592,n07753592_14206.JPEG
n07753592,n07753592_10233.JPEG
n07753592,n07753592_10129.JPEG
n07753592,n07753592_11911.JPEG
n07753592,n07753592_15491.JPEG
n07753592,n07753592_2065.JPEG
n07753592,n07753592_7813.JPEG
n07753592,n07753592_19407.JPEG
n07753592,n07753592_5699.JPEG
n07753592,n07753592_1628.JPEG
n07753592,n07753592_1198.JPEG
n07753592,n07753592_783.JPEG
n07753592,n07753592_12159.JPEG
n07753592,n07753592_2113.JPEG
n07753592,n07753592_10286.JPEG
n07753592,n07753592_2395.JPEG
n07753592,n07753592_21169.JPEG
n07753592,n07753592_5463.JPEG
n07873807,n07873807_11579.JPEG
n07873807,n07873807_3227.JPEG
n07873807,n07873807_15347.JPEG
n07873807,n07873807_7685.JPEG
n07873807,n07873807_6011.JPEG
n07873807,n07873807_11236.JPEG
n07873807,n07873807_6774.JPEG
n07873807,n07873807_2541.JPEG
n07873807,n07873807_290.JPEG
n07873807,n07873807_17154.JPEG
n07873807,n07873807_3354.JPEG
n07873807,n07873807_6649.JPEG
n07873807,n07873807_12468.JPEG
n07873807,n07873807_4829.JPEG
n07873807,n07873807_6256.JPEG
n07873807,n07873807_8902.JPEG
n07873807,n07873807_8839.JPEG
n07873807,n07873807_8036.JPEG
n07873807,n07873807_13881.JPEG
n07873807,n07873807_2836.JPEG
n07873807,n07873807_9933.JPEG
n07873807,n07873807_13119.JPEG
n07873807,n07873807_4258.JPEG
n07873807,n07873807_5062.JPEG
n07873807,n07873807_4961.JPEG
n07873807,n07873807_12502.JPEG
n07873807,n07873807_8175.JPEG
n07873807,n07873807_16625.JPEG
n07873807,n07873807_8875.JPEG
n07873807,n07873807_6880.JPEG
n07873807,n07873807_18033.JPEG
n07873807,n07873807_7806.JPEG
n07873807,n07873807_2421.JPEG
n07873807,n07873807_9629.JPEG
n07873807,n07873807_11590.JPEG
n07873807,n07873807_8379.JPEG
n07873807,n07873807_1477.JPEG
n07873807,n07873807_11143.JPEG
n07873807,n07873807_13359.JPEG
n07873807,n07873807_18104.JPEG
n07873807,n07873807_3896.JPEG
n07873807,n07873807_231.JPEG
n07873807,n07873807_29341.JPEG
n07873807,n07873807_13989.JPEG
n07873807,n07873807_7773.JPEG
n07873807,n07873807_15352.JPEG
n07873807,n07873807_17633.JPEG
n07873807,n07873807_6910.JPEG
n07873807,n07873807_8872.JPEG
n07873807,n07873807_15536.JPEG
n11939491,n11939491_19821.JPEG
n11939491,n11939491_8940.JPEG
n11939491,n11939491_18520.JPEG
n11939491,n11939491_48574.JPEG
n11939491,n11939491_18382.JPEG
n11939491,n11939491_3128.JPEG
n11939491,n11939491_13581.JPEG
n11939491,n11939491_49618.JPEG
n11939491,n11939491_16388.JPEG
n11939491,n11939491_10024.JPEG
n11939491,n11939491_32011.JPEG
n11939491,n11939491_2004.JPEG
n11939491,n11939491_12276.JPEG
n11939491,n11939491_26179.JPEG
n11939491,n11939491_6582.JPEG
n11939491,n11939491_59345.JPEG
n11939491,n11939491_4441.JPEG
n11939491,n11939491_6422.JPEG
n11939491,n11939491_12042.JPEG
n11939491,n11939491_7263.JPEG
n11939491,n11939491_5681.JPEG
n11939491,n11939491_19370.JPEG
n11939491,n11939491_19516.JPEG
n11939491,n11939491_16390.JPEG
n11939491,n11939491_57242.JPEG
n11939491,n11939491_5055.JPEG
n11939491,n11939491_16299.JPEG
n11939491,n11939491_53211.JPEG
n11939491,n11939491_11273.JPEG
n11939491,n11939491_9851.JPEG
n11939491,n11939491_19095.JPEG
n11939491,n11939491_51866.JPEG
n11939491,n11939491_7046.JPEG
n11939491,n11939491_6750.JPEG
n11939491,n11939491_55377.JPEG
n11939491,n11939491_28369.JPEG
n11939491,n11939491_23775.JPEG
n11939491,n11939491_23580.JPEG
n11939491,n11939491_51288.JPEG
n11939491,n11939491_19827.JPEG
n11939491,n11939491_1823.JPEG
n11939491,n11939491_5512.JPEG
n11939491,n11939491_18783.JPEG
n11939491,n11939491_4788.JPEG
n11939491,n11939491_26197.JPEG
n11939491,n11939491_8949.JPEG
n11939491,n11939491_51732.JPEG
n11939491,n11939491_51019.JPEG
n11939491,n11939491_27567.JPEG
n11939491,n11939491_11283.JPEG
n13054560,n13054560_9125.JPEG
n13054560,n13054560_11059.JPEG
n13054560,n13054560_3245.JPEG
n13054560,n13054560_5293.JPEG
n13054560,n13054560_509.JPEG
n13054560,n13054560_2116.JPEG
n13054560,n13054560_1063.JPEG
n13054560,n13054560_2630.JPEG
n13054560,n13054560_13215.JPEG
n13054560,n13054560_7882.JPEG
n13054560,n13054560_13132.JPEG
n13054560,n13054560_4595.JPEG
n13054560,n13054560_116.JPEG
n13054560,n13054560_13277.JPEG
n13054560,n13054560_6228.JPEG
n13054560,n13054560_6542.JPEG
n13054560,n13054560_12721.JPEG
n13054560,n13054560_7719.JPEG
n13054560,n13054560_2126.JPEG
n13054560,n13054560_12604.JPEG
n13054560,n13054560_514.JPEG
n13054560,n13054560_9747.JPEG
n13054560,n13054560_7616.JPEG
n13054560,n13054560_8062.JPEG
n13054560,n13054560_7472.JPEG
n13054560,n13054560_6139.JPEG
n13054560,n13054560_6633.JPEG
n13054560,n13054560_402.JPEG
n13054560,n13054560_10.JPEG
n13054560,n13054560_13613.JPEG
n13054560,n13054560_10635.JPEG
n13054560,n13054560_9128.JPEG
n13054560,n13054560_13804.JPEG
n13054560,n13054560_13982.JPEG
n13054560,n13054560_1526.JPEG
n13054560,n13054560_144.JPEG
n13054560,n13054560_5228.JPEG
n13054560,n13054560_1341.JPEG
n13054560,n13054560_4449.JPEG
n13054560,n13054560_2594.JPEG
n13054560,n13054560_4971.JPEG
n13054560,n13054560_3394.JPEG
n13054560,n13054560_5700.JPEG
n13054560,n13054560_294.JPEG
n13054560,n13054560_12727.JPEG
n13054560,n13054560_1117.JPEG
n13054560,n13054560_3008.JPEG
n13054560,n13054560_1441.JPEG
n13054560,n13054560_7150.JPEG
